exp_name,layer_count,layers,steer_direction,first_half_matches_direction,steer_alpha,first_half_scale,second_half_scale,first_half_positive,second_half_negative,second_half_perplexity,first_half_positive_norm,second_half_negative_norm,inverse_ppl_norm,score_avg,score_mul
pattern_l25-31-16-24-26_a1.2_fh0.5_sh1.5,5,"25,31,16,24,26",positive,True,1.2,0.5,1.5,0.39480637151747944,0.5052956832200288,161.77571153759956,0.9610248586114752,0.7894132564171062,0.9962128827875136,0.9155503326053651,0.7557726827065281
pattern_l25-31-16-24-26_a2.4_fh1.0_sh2.0,5,"25,31,16,24,26",positive,True,2.4,1.0,2.0,0.3292654275894165,0.630923715531826,nan,0.7272546863413342,1.0,1.0,0.9090848954471115,0.7272546863413342
pattern_l25-31-16-24-26_a2.0_fh1.0_sh2.0,5,"25,31,16,24,26",positive,True,2.0,1.0,2.0,0.40322342127561567,0.45879528850317003,nan,0.9910466290352505,0.7114659502423287,1.0,0.9008375264258598,0.7050959316610211
pattern_l25-31-16_a1.2_fh1.0_sh2.5,3,"25,31,16",positive,True,1.2,1.0,2.5,0.40318153191357853,0.4356641721498454,49.11287531614303,0.990897218868219,0.6726919093006222,0.9988914330809596,0.8874935204166002,0.6658296062461145
pattern_l25-31-16-24-26_a1.2_fh0.5_sh1.0,5,"25,31,16,24,26",positive,True,1.2,0.5,1.0,0.37975895788520575,0.4474718673340976,9.69383351802826,0.9073540344485274,0.6924848172393513,0.9998286177775011,0.8665558231551266,0.6282212083143824
pattern_l25-31-16-24-26_a1.2_fh0.5_sh3.0,5,"25,31,16,24,26",positive,True,1.2,0.5,3.0,0.37257537070661784,0.44869239076972006,nan,0.881731754517691,0.6945307464085388,1.0,0.8587541669754101,0.6123898135972825
pattern_l25-31-16-24-26_a1.6_fh0.5_sh3.0,5,"25,31,16,24,26",positive,True,1.6,0.5,3.0,0.35454255249351263,0.46611951798200607,nan,0.8174126469866694,0.7237433504914536,1.0,0.8470519991593743,0.5915969678642199
pattern_l25-31-16_a1.2_fh1.0_sh2.0,3,"25,31,16",positive,True,1.2,1.0,2.0,0.3847583796083927,0.3725112338049803,10.935939265489578,0.9251858752404949,0.5668304117589821,0.9997990868085859,0.8306051246026877,0.5243181270190117
pattern_l25-31-16_a2.4_fh0.5_sh1.0,3,"25,31,16",positive,True,2.4,0.5,1.0,0.3847583796083927,0.3725112338049803,10.935939265489578,0.9251858752404949,0.5668304117589821,0.9997990868085859,0.8306051246026877,0.5243181270190117
pattern_l25-31-16_a2.4_fh0.5_sh3.0,3,"25,31,16",positive,True,2.4,0.5,3.0,0.4028400843590498,0.3390334819257259,1244.0294741058349,0.9896793503289587,0.5107125961648405,0.9704823825574994,0.823624776350433,0.49052227533083687
pattern_l25-31-16_a1.2_fh1.0_sh1.5,3,"25,31,16",positive,True,1.2,1.0,1.5,0.3971567265689373,0.31647252839175055,8.84311894416809,0.9694080595900629,0.47289430315000436,0.9998488434512713,0.8140504020637795,0.4583582544817208
pattern_l25-31-16-24-26_a1.6_fh0.5_sh1.0,5,"25,31,16,24,26",positive,True,1.6,0.5,1.0,0.3702618688438088,0.3651891147624701,6.034826710224151,0.873480000780214,0.5545565491750202,0.9999156103838251,0.8093173867796866,0.48435317717769005
pattern_l25_a1.6_fh1.0_sh2.0,1,25,positive,True,1.6,1.0,2.0,0.35733646612614395,0.39213848223094827,8.802430131435393,0.8273779241411301,0.5997310172644377,0.9998498108246745,0.8089862507434141,0.4961296796070908
pattern_l25-31-16_a2.0_fh1.0_sh1.5,3,"25,31,16",positive,True,2.0,1.0,1.5,0.36066377237439157,0.3857619553734548,109.54764289140701,0.8392456957695353,0.5890422243129118,0.997454601115316,0.8085808403992544,0.4930928305117566
pattern_l25-31-16_a2.0_fh0.5_sh1.5,3,"25,31,16",positive,True,2.0,0.5,1.5,0.3402178869955242,0.4278277795156464,456.99821910738945,0.7663197069024927,0.6595559843330385,0.9891939903043832,0.8050232271799714,0.49996905903004596
pattern_l25-31-16_a1.6_fh1.0_sh2.0,3,"25,31,16",positive,True,1.6,1.0,2.0,0.38058993466198443,0.35025259528076275,1401.824657882452,0.910317946357902,0.5295188809075707,0.9667308141611702,0.802189213808881,0.4659937766027601
pattern_l25-31-16-24-26_a2.4_fh1.0_sh1.5,5,"25,31,16,24,26",positive,True,2.4,1.0,1.5,0.315812511742115,0.45649323403835296,nan,0.679271086065281,0.7076070809726652,1.0,0.7956260556793154,0.4806570303997855
pattern_l25-31-16_a1.6_fh1.0_sh1.5,3,"25,31,16",positive,True,1.6,1.0,1.5,0.3767346096783876,0.3177325186709641,6.896096222400665,0.8965668477078423,0.47500638948108,0.9998951337672056,0.7904894569853761,0.4258303213532096
pattern_l25_a2.4_fh1.0_sh2.5,1,25,positive,True,2.4,1.0,2.5,0.37259121768176556,0.3270565209630877,115.68096210360527,0.8817882772024163,0.4906359527539051,0.9973087819212799,0.7899110039592004,0.431472710911702
pattern_l25-31-16_a1.2_fh0.5_sh2.0,3,"25,31,16",positive,True,1.2,0.5,2.0,0.31014245448226574,0.4477562963683158,11.510243270397186,0.6590472354007045,0.6929615976441242,0.9997854327749004,0.7839314219399097,0.45659643351068907
pattern_l25_a2.0_fh1.0_sh1.5,1,25,positive,True,2.0,1.0,1.5,0.37792716099880636,0.2987033234775299,6.713106181621551,0.9008204167122995,0.44310828381909834,0.9998994843413955,0.7812760616242644,0.3991208669489057
pattern_l25_a1.6_fh1.0_sh2.5,1,25,positive,True,1.6,1.0,2.5,0.34362658361686044,0.38637545724399386,1588.6002425837517,0.7784777801408189,0.5900706202745565,0.9622902389547479,0.7769462131233743,0.4420346289237596
pattern_l25_a2.0_fh1.0_sh3.0,1,25,positive,True,2.0,1.0,3.0,0.3539191932976246,0.3424074759008363,109.0182056415081,0.8151892614527524,0.5163683275411257,0.997467188445341,0.7763415924797398,0.419871759149504
pattern_l25-31-16_a1.2_fh1.0_sh3.0,3,"25,31,16",positive,True,1.2,1.0,3.0,0.3586265455186367,0.3421676971763372,1177.3898310244083,0.8319793543883998,0.5159663931969867,0.9720667349625821,0.7733374941826562,0.41728237941399104
pattern_l25-31-16_a2.4_fh0.5_sh1.5,3,"25,31,16",positive,True,2.4,0.5,1.5,0.3586265455186367,0.3421676971763372,1177.3898310244083,0.8319793543883998,0.5159663931969867,0.9720667349625821,0.7733374941826562,0.41728237941399104
pattern_l25-31-16-24-26_a1.6_fh0.5_sh2.5,5,"25,31,16,24,26",positive,True,1.6,0.5,2.5,0.29397353805601595,0.4589000642299652,nan,0.6013762567444525,0.7116415828515984,1.0,0.7710059465320169,0.4279643512389914
pattern_l25_a1.6_fh1.0_sh3.0,1,25,positive,True,1.6,1.0,3.0,0.33335771672427655,0.357343952730007,152.78655612707138,0.7418509841469543,0.5414059243113255,0.9964265992682116,0.7598945025754972,0.40020728810641965
pattern_l25_a2.0_fh1.0_sh2.0,1,25,positive,True,2.0,1.0,2.0,0.3627434730890673,0.2835775685426779,69.32194583415985,0.8466635320898925,0.4177534054742892,0.998410963978798,0.7542759671809932,0.3531345372250647
pattern_l25_a2.0_fh1.0_sh2.5,1,25,positive,True,2.0,1.0,2.5,0.36682987258711364,0.3421389475092292,5012.01806671381,0.8612388228527387,0.5159182009371545,0.8808987426552288,0.7526852554817074,0.39140866720699125
pattern_l25_a2.4_fh1.0_sh2.0,1,25,positive,True,2.4,1.0,2.0,0.36916567868494893,0.2652457733484334,9.10943738102913,0.8695701309046936,0.38702433185158647,0.9998425117508534,0.7521456581690446,0.33649179706034565
pattern_l25-31-16_a1.6_fh0.5_sh2.0,3,"25,31,16",positive,True,1.6,0.5,2.0,0.31615077652037143,0.3764794817508664,62.70470029354095,0.680477602339638,0.5734822743829195,0.9985682884841903,0.7508427217355828,0.38968312931571697
pattern_l25_a2.4_fh1.0_sh1.5,1,25,positive,True,2.4,1.0,1.5,0.379909737482667,0.22790850458899514,66.74528359174728,0.9078918322030428,0.32443691646634154,0.9984722239260619,0.7436003241984821,0.2941036145418359
pattern_l25_a1.2_fh1.0_sh3.0,1,25,positive,True,1.2,1.0,3.0,0.29092950209975244,0.4072324270522222,10.07267022371292,0.5905188481194978,0.6250325732089183,0.9998196109638684,0.7384570107640949,0.36902693474505244
pattern_l25_a2.4_fh0.5_sh1.5,1,25,positive,True,2.4,0.5,1.5,0.29092950209975244,0.4072324270522222,10.07267022371292,0.5905188481194978,0.6250325732089183,0.9998196109638684,0.7384570107640949,0.36902693474505244
pattern_l25-31-16_a1.6_fh1.0_sh1.0,3,"25,31,16",positive,True,1.6,1.0,1.0,0.40573363196104767,0.16124408113071695,5.98844103217125,1.0,0.212689215013315,0.9999167131997645,0.7375353094043599,0.21267150080915195
pattern_l25-31-16_a2.0_fh0.5_sh1.0,3,"25,31,16",positive,True,2.0,0.5,1.0,0.3217196134237747,0.33848049003630876,10.321949617862701,0.7003404221928549,0.509785631385745,0.9998136843653844,0.7366465793146615,0.35695696525549137
pattern_l25-31-16_a1.6_fh0.5_sh2.5,3,"25,31,16",positive,True,1.6,0.5,2.5,0.3222256946773268,0.33574404299259186,194.9605505168438,0.7021455030283615,0.5051986020315548,0.9954239157850223,0.7342560069483128,0.3530996845677827
pattern_l25-31-16-24-26_a2.0_fh1.0_sh1.0,5,"25,31,16,24,26",positive,True,2.0,1.0,1.0,0.3480160647444427,0.28013067053630947,162.03129841804505,0.7941340966030552,0.4119754671171719,0.9962068062290266,0.7341054566497512,0.32592276984470697
pattern_l25-31-16-24-26_a1.6_fh1.0_sh3.0,5,"25,31,16,24,26",positive,True,1.6,1.0,3.0,0.2612266137450934,0.4587301248311996,nan,0.4845751599234491,0.7113567182084616,1.0,0.7319772927106368,0.3447057954884852
pattern_l25_a2.0_fh1.0_sh1.0,1,25,positive,True,2.0,1.0,1.0,0.3853262464236468,0.18920815653982573,7.2719232833385465,0.9272113316235179,0.2595646095358932,0.999886198507646,0.7288873798890191,0.24064385850301026
pattern_l25-31-16_a2.0_fh0.5_sh2.0,3,"25,31,16",positive,True,2.0,0.5,2.0,0.3354605922452174,0.2952474150434136,152.96040947318076,0.7493514799184612,0.43731524153491325,0.996422465918237,0.7276963957905371,0.3265304554155576
pattern_l25_a2.4_fh0.5_sh2.5,1,25,positive,True,2.4,0.5,2.5,0.3049375462904573,0.3603223005402833,172.82914516210556,0.6404824694433386,0.5463984451291846,0.995950088250544,0.7276103342743557,0.3485413238873626
pattern_l25-31-16_a1.6_fh0.5_sh1.5,3,"25,31,16",positive,True,1.6,0.5,1.5,0.293302272791625,0.3826321601704694,12.622761952877045,0.5989820007711504,0.583795836482509,0.9997589827285198,0.7275122733273931,0.3495989184878532
pattern_l25-31-16_a1.2_fh0.5_sh2.5,3,"25,31,16",positive,True,1.2,0.5,2.5,0.29237655786797406,0.3808449525758624,19.35617838740349,0.5956801786702596,0.5807999905671578,0.9995988962690316,0.7253596885021496,0.3458322718769151
pattern_l25-31-16-24-26_a1.6_fh1.0_sh2.5,5,"25,31,16,24,26",positive,True,1.6,1.0,2.5,0.25275637259706857,0.4589000642299652,nan,0.45436366747810497,0.7116415828515984,1.0,0.7220017501099011,0.32334407951437594
pattern_l25_a1.6_fh0.5_sh2.5,1,25,positive,True,1.6,0.5,2.5,0.2864793541654944,0.38197066008578984,11.73307415008545,0.5746461464635536,0.5826869824620405,0.9997801349878199,0.7190377546378047,0.3347652097230568
pattern_l25_a2.4_fh0.5_sh2.0,1,25,positive,True,2.4,0.5,2.0,0.3016120238602161,0.3456806707754731,17.740379182100295,0.6286210603025278,0.5218550922152012,0.9996373117712564,0.7167044880963284,0.3279301218450682
pattern_l25_a2.0_fh0.5_sh3.0,1,25,positive,True,2.0,0.5,3.0,0.29696539856493476,0.35651235684752464,161.56413128733635,0.6120475669920719,0.5400119434804049,0.996217913091742,0.7160924745214062,0.32926296727807947
pattern_l25_a1.6_fh1.0_sh1.5,1,25,positive,True,1.6,1.0,1.5,0.3369968379661441,0.2662053214199841,15.062723753452302,0.7548309314689985,0.38863279534481054,0.99970097282378,0.7143882332125298,0.2932643346729061
pattern_l25-31-16_a1.6_fh1.0_sh2.5,3,"25,31,16",positive,True,1.6,1.0,2.5,0.35462601328268645,0.2511279829358682,1750.7533576524258,0.8177103333166738,0.36335907613708834,0.9584350610760671,0.7131681568432765,0.28477259389077675
pattern_l25-31-16_a1.2_fh0.5_sh3.0,3,"25,31,16",positive,True,1.2,0.5,3.0,0.2958916361629963,0.3529478620737791,319.44200342059133,0.6082176920065382,0.5340368809636388,0.9924643787860734,0.71157298391875,0.32236302894149027
pattern_l25_a1.2_fh1.0_sh2.5,1,25,positive,True,1.2,1.0,2.5,0.31753493431955576,0.29662563572637735,10.575743534564971,0.6854145896298963,0.4396255141725009,0.9998076504344728,0.7082825847456234,0.3012677815119389
pattern_l25_a1.6_fh0.5_sh2.0,1,25,positive,True,1.6,0.5,2.0,0.2800858692266047,0.3762661931151524,10.088330554962159,0.5518419879331049,0.5731247446309071,0.9998192386406936,0.7082619904015686,0.3162171282386784
pattern_l25_a1.2_fh0.5_sh3.0,1,25,positive,True,1.2,0.5,3.0,0.26558108815719605,0.4031055904505774,11.32355804681778,0.5001066151093929,0.6181148728736767,0.9997898712017781,0.7060037863949492,0.3090583811063585
pattern_l25-31-16_a2.4_fh1.0_sh3.0,3,"25,31,16",positive,True,2.4,1.0,3.0,0.2603010328486562,0.4397754518687725,2136.8557316589354,0.48127381586823437,0.6795835320701205,0.9492555067360496,0.7033709515581349,0.3104689734416185
pattern_l25-31-16-24-26_a2.4_fh1.0_sh1.0,5,"25,31,16,24,26",positive,True,2.4,1.0,1.0,0.370579993724823,0.17619328778237103,243.42012821674348,0.8746146824582767,0.2377481504275565,0.9942717930405426,0.7022115419754585,0.20674691106023288
pattern_l25_a2.0_fh0.5_sh1.5,1,25,positive,True,2.0,0.5,1.5,0.2985901032970287,0.32457569626392796,9.6013480758667,0.6178425324342325,0.48647741595935085,0.9998308166117977,0.701383588335127,0.30051558779991644
pattern_l25-31-16-24-26_a2.0_fh1.0_sh1.5,5,"25,31,16,24,26",positive,True,2.0,1.0,1.5,0.31892939686775207,0.2898404489085078,714.1747262191773,0.6903883316997985,0.4282516960024415,0.9830796385652023,0.7005732220891474,0.29065730032968556
pattern_l25-31-16_a2.0_fh0.5_sh2.5,3,"25,31,16",positive,True,2.0,0.5,2.5,0.34596714515239,0.2211364009976387,524.6228933525085,0.7868260497960464,0.31308502934157717,0.9875862188589049,0.6958324326655095,0.24328540312777502
pattern_l25_a2.0_fh0.5_sh2.0,1,25,positive,True,2.0,0.5,2.0,0.2804351681470871,0.35027504795230924,16.0955890083313,0.5530878605727264,0.5295565176905299,0.9996764165315337,0.6941069315982634,0.29279650664507234
pattern_l25_a2.4_fh0.5_sh3.0,1,25,positive,True,2.4,0.5,3.0,0.310999623015523,0.2835802796855569,803.2150659072399,0.6621045675609496,0.4177579500869824,0.9809627113157304,0.6869417429878876,0.27133374336718385
pattern_l25-31-16_a2.4_fh0.5_sh2.0,3,"25,31,16",positive,True,2.4,0.5,2.0,0.35005149060860274,0.20133212298154832,924.0962006175519,0.8013940142421733,0.27988767410426896,0.9780887716057984,0.6864568199840803,0.21938561143860982
pattern_l25_a2.4_fh1.0_sh1.0,1,25,positive,True,2.4,1.0,1.0,0.368654262740165,0.14233548726580922,5.6316277551651,0.8677460223955904,0.1809932699724845,0.9999251964080689,0.6828881629253812,0.15704444173184023
pattern_l25-31-16_a2.0_fh0.5_sh3.0,3,"25,31,16",positive,True,2.0,0.5,3.0,0.32705868704011665,0.23596445530652999,479.3882902610302,0.7193837267937947,0.33794088048497267,0.9886616680793242,0.6819954251193638,0.2403527175763909
pattern_l25_a1.2_fh1.0_sh2.0,1,25,positive,True,1.2,1.0,2.0,0.32117229647934437,0.24073066947005187,8.75433539390564,0.6983882626919743,0.34593035147679435,0.999850954273372,0.6813898561473802,0.2415576886721575
pattern_l25_a2.4_fh0.5_sh1.0,1,25,positive,True,2.4,0.5,1.0,0.32117229647934437,0.24073066947005187,8.75433539390564,0.6983882626919743,0.34593035147679435,0.999850954273372,0.6813898561473802,0.2415576886721575
pattern_l25-31-16_a1.2_fh0.5_sh1.5,3,"25,31,16",positive,True,1.2,0.5,1.5,0.29581320529803634,0.28936804640514313,10.284312109947205,0.6079379463130201,0.4274598209486552,0.9998145791942494,0.6784041154853083,0.25982086055101733
pattern_l25-31-16_a2.0_fh1.0_sh1.0,3,"25,31,16",positive,True,2.0,1.0,1.0,0.38233678236603735,0.10256142676633317,3.511243778467178,0.916548568992119,0.11432112900584512,0.9999756083745477,0.6769484354575038,0.10477831142020357
pattern_l25_a1.2_fh0.5_sh2.5,1,25,positive,True,1.2,0.5,2.5,0.2665785330045037,0.3378327772114426,10.52156355381012,0.5036642821158521,0.5086998885618272,0.9998089385593614,0.6707243697456802,0.2561650115757978
pattern_l25-31-16_a1.6_fh0.5_sh3.0,3,"25,31,16",positive,True,1.6,0.5,3.0,0.31853930581361056,0.23378479398787022,474.1868911123276,0.6889969624661209,0.33428717541005004,0.9887853309452997,0.6706898229404902,0.22773985392781346
pattern_l25-31-16-24-26_a2.0_fh0.5_sh2.5,5,"25,31,16,24,26",positive,True,2.0,0.5,2.5,0.24374253407120705,0.38440801940858366,nan,0.42221328241012845,0.5867726594664742,1.0,0.6696619806255342,0.24774321058186058
pattern_l25-31-16_a1.2_fh1.0_sh1.0,3,"25,31,16",positive,True,1.2,1.0,1.0,0.3502641810849309,0.15443977886722224,7.697250020503998,0.8021526345230473,0.20128335415841642,0.9998760863970791,0.6677706916928475,0.1614399657368492
pattern_l25-31-16-24-26_a2.0_fh1.0_sh2.5,5,"25,31,16,24,26",positive,True,2.0,1.0,2.5,0.3141793051362038,0.5739826270192862,24214.86866016865,0.6734457963038817,0.9045512519358702,0.4243524420544351,0.6674498300980624,0.25850118077930184
pattern_l25-31-16-24-26_a1.6_fh0.5_sh2.0,5,"25,31,16,24,26",positive,True,1.6,0.5,2.0,0.273958679549396,0.3153608259558678,nan,0.5299876461960521,0.4710307875675531,1.0,0.6670061445878684,0.24964049838880012
pattern_l25-31-16_a2.4_fh0.5_sh2.5,3,"25,31,16",positive,True,2.4,0.5,2.5,0.33043380033224823,0.20371265541762112,638.0130443525314,0.7314220156624879,0.2838780937938954,0.9848903767123607,0.6667301620562481,0.2044974056545996
pattern_l25-31-16-24-26_a1.2_fh0.5_sh2.0,5,"25,31,16,24,26",positive,True,1.2,0.5,2.0,0.32532739466056226,0.21377350013703109,1162.5925144040584,0.7132085865904032,0.3007428053408798,0.9724185400307391,0.6621233106540073,0.20857633892815133
pattern_l25_a2.0_fh0.5_sh2.5,1,25,positive,True,2.0,0.5,2.5,0.2834910137578845,0.3535541062057018,4850.438111635446,0.5639873916452594,0.5350531109818005,0.8847402936990834,0.6612602654420477,0.2669820696754414
pattern_l25-31-16_a2.0_fh1.0_sh2.0,3,"25,31,16",positive,True,2.0,1.0,2.0,0.29146365098655225,0.28949386060237886,1662.4594262552262,0.5924240400468852,0.42767071975527354,0.96053424252565,0.6602096674426029,0.24336327595971
pattern_l25-31-16-24-26_a2.0_fh0.5_sh2.0,5,"25,31,16,24,26",positive,True,2.0,0.5,2.0,0.19565247274935246,0.4589000642299652,nan,0.2506865809938242,0.7116415828515984,1.0,0.6541093879484742,0.17839899529810047
pattern_l25_a1.2_fh0.5_sh2.0,1,25,positive,True,1.2,0.5,2.0,0.2754321131395409,0.2837894278613385,9.829503889083862,0.5352430606523169,0.4181085393022527,0.9998253922248309,0.6510589973931334,0.22375061884038658
pattern_l25-31-16-24-26_a1.6_fh1.0_sh1.0,5,"25,31,16,24,26",positive,True,1.6,1.0,1.0,0.2448592424765229,0.34869529301300645,625.6430663597583,0.42619633637060744,0.5269084188370742,0.9851844719907481,0.6460964090661433,0.22123936736334252
pattern_l25_a1.2_fh1.0_sh1.5,1,25,positive,True,1.2,1.0,1.5,0.3086039873119444,0.20124140910804272,8.492227432727814,0.6535598604273943,0.27973561298488503,0.9998571858700535,0.6443842197607776,0.1827978583330242
pattern_l25_a2.0_fh0.5_sh1.0,1,25,positive,True,2.0,0.5,1.0,0.2885219021141529,0.23580481868761127,8.679437870979308,0.5819314670160315,0.33767328610244474,0.9998527349562373,0.6398191626915711,0.19647377277342115
pattern_l25-31-16_a2.4_fh1.0_sh1.5,3,"25,31,16",positive,True,2.4,1.0,1.5,0.22573119182139634,0.36470120690762997,823.245250684023,0.3579707749299778,0.5537386829358651,0.9804864952083516,0.6307319843580649,0.19435425431279657
pattern_l25_a1.6_fh0.5_sh3.0,1,25,positive,True,1.6,0.5,3.0,0.2677174627408385,0.32927699512802067,4852.77658003211,0.5077265946903982,0.4943580712572232,0.8846846967922402,0.6289231209132872,0.22205474426038166
pattern_l25-31-16-24-26_a1.2_fh0.5_sh2.5,5,"25,31,16,24,26",positive,True,1.2,0.5,2.5,0.30477870360016823,0.20303888633847236,1825.4845520782471,0.6399159124051385,0.28274867360244776,0.9566583326581407,0.6264409728885756,0.17309333459653978
pattern_l25-31-16-24-26_a1.6_fh1.0_sh2.0,5,"25,31,16,24,26",positive,True,1.6,1.0,2.0,0.21908986277878284,0.3540357999503613,nan,0.3342826108397794,0.5358605606825195,1.0,0.6233810571740996,0.17912886727102068
pattern_l25_a1.6_fh1.0_sh1.0,1,25,positive,True,1.6,1.0,1.0,0.3168884515576065,0.14456941187867642,7.696570603847504,0.6831087274073986,0.18473793508405612,0.9998761025501581,0.622574255013871,0.1261804603646981
pattern_l25_a1.6_fh0.5_sh1.5,1,25,positive,True,1.6,0.5,1.5,0.26826921273837795,0.24565648754942232,9.51009786605835,0.5096945659194425,0.3541873620319056,0.9998329860785399,0.6212383046766293,0.1804972231603845
pattern_l25-31-16-24-26_a2.4_fh0.5_sh2.0,5,"25,31,16,24,26",positive,True,2.4,0.5,2.0,0.16425058409571647,0.45659611582756043,nan,0.13868293136336593,0.7077795388275285,1.0,0.6154874900636315,0.09815694120361293
pattern_l25-31-16_a2.4_fh1.0_sh1.0,3,"25,31,16",positive,True,2.4,1.0,1.0,0.29347679384052755,0.16762160852842498,21.109429430961608,0.5996044790758798,0.22337968514231266,0.9995572128598906,0.6075137923593611,0.13388015307556173
pattern_l25-31-16_a1.6_fh1.0_sh3.0,3,"25,31,16",positive,True,1.6,1.0,3.0,0.2879195948317647,0.18794440355151892,678.9495674157142,0.5797831690403724,0.2574462158812018,0.9839171140150856,0.6070488329788866,0.14686240336528916
pattern_l25_a1.2_fh0.5_sh1.5,1,25,positive,True,1.2,0.5,1.5,0.27472445120511113,0.1975574499357026,8.612974388599396,0.53271898573966,0.2735602956506933,0.9998543151204351,0.6020445321702628,0.14570953246898768
pattern_l25-31-16_a1.6_fh0.5_sh1.0,3,"25,31,16",positive,True,1.6,0.5,1.0,0.26443738376256076,0.20550217585405334,8.973911273479462,0.4960272723758878,0.28687781666106565,0.9998457338736697,0.594250274303541,0.14227726895394982
pattern_l25_a1.2_fh1.0_sh1.0,1,25,positive,True,1.2,1.0,1.0,0.3020791655941866,0.11873236121959053,7.628741127252579,0.6302872524120696,0.14142801243415545,0.9998777151907637,0.590530993345663,0.0891293728698994
pattern_l25-31-16-24-26_a2.0_fh1.0_sh3.0,5,"25,31,16,24,26",positive,True,2.0,1.0,3.0,0.3545851442962885,0.59352707862854,42063.609375,0.8175645626057538,0.9373130674619717,0.0,0.5849592100225752,0.0
pattern_l25-31-16-24-26_a1.2_fh1.0_sh3.0,5,"25,31,16,24,26",positive,True,1.2,1.0,3.0,0.13727931328117848,0.45525680303573607,nan,0.042482323822840444,0.7055344863955266,1.0,0.582672270072789,0.029972744519236177
pattern_l25-31-16-24-26_a2.4_fh0.5_sh1.5,5,"25,31,16,24,26",positive,True,2.4,0.5,1.5,0.13727931328117848,0.45525680303573607,nan,0.042482323822840444,0.7055344863955266,1.0,0.582672270072789,0.029972744519236177
pattern_l25-31-16-24-26_a2.0_fh0.5_sh1.0,5,"25,31,16,24,26",positive,True,2.0,0.5,1.0,0.18786913983523845,0.34502012862823905,48.35072240948677,0.22292513956317642,0.5207478439583787,0.9989095532078821,0.5808608455764791,0.11596119823802423
pattern_l25-31-16_a1.2_fh0.5_sh1.0,3,"25,31,16",positive,True,1.2,0.5,1.0,0.27660933282226324,0.15098866218235343,8.064771852493287,0.5394419450677116,0.19549834414896752,0.9998673485937011,0.57826921260346,0.10544601760699572
pattern_l25_a2.4_fh1.0_sh3.0,1,25,positive,True,2.4,1.0,3.0,0.25813794216141106,0.19964821439236402,1070.7519783961773,0.473558545805169,0.27706498541160934,0.9746020417330271,0.5750751909832684,0.12787411458741899
pattern_l25-31-16-24-26_a1.6_fh0.5_sh1.5,5,"25,31,16,24,26",positive,True,1.6,0.5,1.5,0.24366093324497343,0.2031584881991148,nan,0.42192223015999675,0.28294915884364485,1.0,0.5682904630012139,0.1193825401212058
pattern_l25-31-16-24-26_a2.4_fh1.0_sh3.0,5,"25,31,16,24,26",positive,True,2.4,1.0,3.0,0.2980354975163937,0.5590790781378746,35342.573675851825,0.6158643752532288,0.8795688513600536,0.15979210845382685,0.5517417783557031,0.0865586055453223
pattern_l25-31-16-24-26_a2.4_fh1.0_sh2.5,5,"25,31,16,24,26",positive,True,2.4,1.0,2.5,0.3213080343604088,0.59352707862854,42063.609375,0.6988724099431162,0.9373130674619717,0.0,0.5453951591350293,0.0
pattern_l25_a1.2_fh0.5_sh1.0,1,25,positive,True,1.2,0.5,1.0,0.261678332942829,0.11488376093559026,8.30333002448082,0.4861863432287779,0.13497671182675341,0.999861676891452,0.5403415773156611,0.0656147566513878
pattern_l25_a1.6_fh0.5_sh1.0,1,25,positive,True,1.6,0.5,1.0,0.2559579581290018,0.12516797046526335,8.48011081457138,0.4657830208850241,0.15221584353426046,0.9998574739417212,0.5392854461203352,0.07088945039378114
pattern_l25-31-16_a2.0_fh1.0_sh2.5,3,"25,31,16",positive,True,2.0,1.0,2.5,0.2293244740832597,0.18949377480894328,604.4502590441704,0.370787224663949,0.2600433834217404,0.9856883293598501,0.5388396458151798,0.09504082220775988
pattern_l25-31-16_a2.4_fh1.0_sh2.5,3,"25,31,16",positive,True,2.4,1.0,2.5,0.215108457878232,0.18885567661374808,1070.6737819385528,0.3200818127783337,0.25897375733161127,0.974603900847812,0.5178864903192523,0.08078763620227435
pattern_l25-31-16-24-26_a1.2_fh1.0_sh1.5,5,"25,31,16,24,26",positive,True,1.2,1.0,1.5,0.13155487027019264,0.3438785903516691,13.482798911333084,0.022064491112076243,0.5188343153938187,0.9997385354157705,0.5135457806405551,0.011444821942420991
pattern_l25-31-16_a2.4_fh1.0_sh2.0,3,"25,31,16",positive,True,2.4,1.0,2.0,0.17928533965721727,0.1756965233385563,1235.6967133438586,0.1923086069640893,0.23691543813695023,0.970680493305753,0.4666348461355975,0.04422505541251079
pattern_l25-31-16-24-26_a1.6_fh1.0_sh1.5,5,"25,31,16,24,26",positive,True,1.6,1.0,1.5,0.1743652504682541,0.18111051950603724,906.6891575837135,0.1747597279221458,0.24599076791566094,0.9785026227193517,0.46641770618571954,0.04206512290816187
pattern_l25-31-16_a2.0_fh1.0_sh3.0,3,"25,31,16",positive,True,2.0,1.0,3.0,0.1598540672659874,0.162745766825974,1009.8629326438904,0.12300152009467234,0.21520644858475493,0.9760496741275007,0.43808588093564266,0.025836737932594105
pattern_l25-31-16-24-26_a2.0_fh0.5_sh3.0,5,"25,31,16,24,26",positive,True,2.0,0.5,3.0,0.228470409065485,0.59352707862854,42063.609375,0.36774096206275364,0.9373130674619717,0.0,0.4350180098415752,0.0
pattern_l25-31-16-24-26_a2.0_fh0.5_sh1.5,5,"25,31,16,24,26",positive,True,2.0,0.5,1.5,0.13746883694082498,0.21031087666749954,1883.7632444763183,0.04315831314965665,0.2949385068313514,0.9552727612145312,0.43112319373184643,0.012159713248733928
pattern_l25-31-16-24-26_a1.2_fh1.0_sh2.5,5,"25,31,16,24,26",positive,True,1.2,1.0,2.5,0.1253687620908022,0.228018994666636,1762.6566049194337,0.0,0.3246221278815045,0.9581520622849011,0.4275913967221352,0.0
pattern_l25-31-16-24-26_a1.2_fh1.0_sh2.0,5,"25,31,16,24,26",positive,True,1.2,1.0,2.0,0.13968273263424635,0.17450150936841965,1659.8507669460773,0.05105479352698058,0.23491226976858356,0.9605962632007223,0.41552110883209553,0.01152081275432896
pattern_l25-31-16-24-26_a2.4_fh0.5_sh1.0,5,"25,31,16,24,26",positive,True,2.4,0.5,1.0,0.13968273263424635,0.17450150936841965,1659.8507669460773,0.05105479352698058,0.23491226976858356,0.9605962632007223,0.41552110883209553,0.01152081275432896
pattern_l25-31-16-24-26_a2.4_fh0.5_sh3.0,5,"25,31,16,24,26",positive,True,2.4,0.5,3.0,0.1652277197688818,0.59352707862854,42063.609375,0.1421681599999549,0.9373130674619717,0.0,0.35982707582064216,0.0
pattern_l25-31-16-24-26_a1.2_fh1.0_sh1.0,5,"25,31,16,24,26",positive,True,1.2,1.0,1.0,0.14452252224087714,0.03436179442331195,2.485304594039917,0.06831726157039368,0.0,1.0,0.35610575385679794,0.0
pattern_l25-31-16-24-26_a2.4_fh0.5_sh2.5,5,"25,31,16,24,26",positive,True,2.4,0.5,2.5,0.1512923628091812,0.59352707862854,42063.609375,0.0924637980870307,0.9373130674619717,0.0,0.3432589551830008,0.0
